flight_number,departure_airport,arrival_airport,departure_time,arrival_time
AV9166,William R Fairchild International Airport,Presidente Juscelino Kubistschek International Airport,4:23 PM,4:39 AM
AC2304,Magway Airport,La Désirade Airport,9:41 AM,12:38 PM
SK4116,Fort Nelson Airport,Kotlik Airport,6:57 AM,3:33 AM
LA9061,Davenport Downs Airport,Tydeo Larre Borges Airport,8:11 AM,5:13 AM
IB9642,Fuzhou Changle International Airport,Redcliffe Airport,6:31 PM,3:58 PM
AF2617,Dillon County Airport,Pichoy Airport,11:59 AM,10:42 AM
NH4045,Renner Field-Goodland Municipal Airport,Timbuktu Airport,2:21 AM,9:10 AM
IB9642,Imbaimadai Airport,Antoine de Saint Exupéry Airport,12:46 PM,9:29 AM
QR4568,Presidente José Sarney Airport,Kisumu Airport,6:54 PM,2:47 PM
SK4438,Betou Airport,Tongoa Airport,2:43 PM,8:16 PM
AV3592,Atsinanana Airport,Umiat Airport,3:40 AM,4:07 PM
TG2641,Alfonso Bonilla Aragon International Airport,Klemtu Water Aerodrome,4:18 PM,7:59 PM
AI4902,Andravida Air Base,Dillon Airport,5:48 PM,7:22 PM
AF1252,Bathurst Island Airport,St Gallen Altenrhein Airport,1:43 AM,2:36 PM
CX5078,Kato Airport,Faisalabad International Airport,3:29 AM,11:50 AM
UA9725,Nondalton Airport,Unguia Airport,11:38 AM,6:03 PM
AM4292,Shillong Airport,Cork Airport,1:51 AM,2:18 AM
AA1876,Las Américas International Airport,Asaloyeh Airport,3:15 PM,7:07 AM
TG1034,White Mountain Airport,Lauro Carneiro de Loyola Airport,4:55 PM,5:30 PM
CX8450,Vestmannaeyjar Airport,"Oesman Sadik Airport, Labuha",2:08 AM,9:02 PM
NZ8729,San Carlos De Bariloche Airport,Poplar Hill Airport,9:39 PM,7:38 AM
SQ5883,Bob Hope Airport,St Jean Airport,3:39 PM,2:41 PM
QR4567,Zhob Airport,Golfito Airport,10:19 AM,3:38 AM
NH5763,Senggo Airport,Guerrero Negro Airport,9:13 PM,2:02 AM
WN6914,Diori Hamani International Airport,El Arrayán Airport,5:01 AM,3:50 PM
NH8525,Bahia Piña Airport,Mulu Airport,2:15 AM,1:58 PM
NH1537,Fresno Chandler Executive Airport,Pangborn Memorial Airport,7:36 AM,3:09 PM
AF8392,Governador Jorge Teixeira de Oliveira Airport,May River Airstrip,1:53 PM,10:17 PM
NH3168,Muko Muko Airport,Kasabonika Airport,8:23 PM,12:03 PM
AZ2628,Esler Regional Airport,Voinjama Airport,1:18 AM,10:35 PM
SK5790,Pakse International Airport,Paruma Airport,9:16 AM,10:12 PM
AZ1147,North of Sixty Airport,Kamarang Airport,2:00 AM,5:22 PM
SQ8501,Camp Bastion Airport,Komaio Airport,12:02 AM,1:14 AM
AC5204,Akjoujt Airport,Sassandra Airport,9:55 PM,10:22 PM
IB5239,Tuguegarao Airport,Ada Regional Airport,12:09 AM,10:47 PM
LH3591,Kota Airport,Woja Airport,11:23 PM,12:32 AM
KL6213,Plovdiv International Airport,Ewer Airport,11:53 PM,5:16 AM
CX8376,Leonardo da Vinci–Fiumicino Airport,Senanga Airport,7:05 PM,5:18 PM
UA5308,Pasighat Airport,Deauville-Saint-Gatien Airport,9:49 AM,8:43 AM
TG6875,San Juan Del César Airport,Telêmaco Borba Airport,2:13 AM,12:18 PM
TG5067,Uléi Airport,Alton Downs Airport,4:51 AM,1:57 AM
AC3232,Takotna Airport,Singapore Changi Airport,11:07 AM,9:50 PM
QF8287,Iskandar Airport,Dandong Airport,2:54 AM,4:44 PM
AI1710,Shikarpur Airport,Siuna,8:02 AM,9:12 PM
AF7307,Jundah Airport,Jefferson Municipal Airport,2:02 AM,5:07 AM
LH3657,Mosjøen Airport (Kjærstad),Komatsu Airport,6:15 AM,4:26 PM
DL6919,Söderhamn Airport,Kharkhorin Airport,5:33 AM,7:47 PM
UA1453,Langkawi International Airport,Kaintiba Airport,9:53 AM,3:06 PM
DL4436,Whangarei Airport,Mauke Airport,2:24 AM,5:07 AM
KL2423,Reginaldo Hammer Airport,Nauru International Airport,12:49 PM,12:30 AM
SA4001,Hagerstown Regional Richard A Henson Field,Elazığ Airport,10:08 PM,5:05 AM
SK9524,Indianapolis International Airport,Burgos Airport,8:35 PM,12:41 PM
UA9363,Jubail Airport,Sardar-e-Jangal Airport,6:09 PM,11:49 AM
CX1399,Dabolim Airport,Kajaani Airport,11:55 AM,1:21 PM
ET8460,Januária Airport,Wau Airport,1:14 PM,7:57 PM
LA1106,Rennell/Tingoa Airport,Orlando Bezerra de Menezes Airport,10:11 AM,7:09 AM
AI1429,Bulimba Airport,Hassi R'Mel Airport,1:35 PM,5:55 AM
DL8968,Les Bases Airport,Montgomery Regional (Dannelly Field) Airport,4:17 PM,11:13 AM
QR4802,Ubon Ratchathani Airport,Fazenda Vassoural Airport,2:38 AM,1:42 AM
TG4154,Vitebsk Vostochny Airport,Maron Island Airport,12:24 PM,11:43 PM
QR4970,Puerto Paez Airport,Zhaotong Airport,10:59 PM,10:30 AM
SQ2457,Chichester/Goodwood Airport,Alameda Naval Air Station,5:06 AM,6:27 AM
NH9577,Tougan Airport,Tripoli International Airport,10:44 AM,9:25 PM
AF1326,Watsonville Municipal Airport,Huntingburg Airport,4:49 PM,1:38 PM
AF1454,Vagar Airport,Mount Pleasant Airport,11:57 AM,12:47 PM
IB3890,Witu Airport,Diego Aracena Airport,7:37 AM,6:42 AM
AA2833,Tongliao Airport,Solapur Airport,8:29 AM,11:47 AM
NH7687,Stanthorpe Airport,Hamilton Field,8:06 PM,8:44 PM
TG6876,Buka Airport,Bacacheri Airport,6:47 AM,4:57 AM
UA9016,José Leonardo Chirinos Airport,Ryan's Creek Aerodrome,8:34 PM,7:06 AM
AC7203,Bielsko-Bialo Kaniow Airfield,Mesquite Airport,6:10 PM,2:50 PM
WN7987,Iriona Airport,Carlisle Airport,9:27 AM,1:32 AM
SK9545,Snohomish County (Paine Field) Airport,Al Taqaddum Air Base,12:50 PM,10:26 PM
UA4214,Chita-Kadala Airport,Riesa-Göhlis Airport,11:52 AM,7:58 PM
EK4464,Ituberá Airport,Cape Orford Airport,3:17 PM,7:02 AM
AV6698,Minden-Tahoe Airport,Ted Stevens Anchorage International Airport,12:19 PM,5:25 AM
SQ4965,Ganja Airport,Lime Village Airport,1:55 AM,10:48 AM
SA8759,Barquisimeto International Airport,Khwahan Airport,6:36 PM,12:49 PM
AM3850,San Andros Airport,Ponta Porã Airport,11:50 PM,2:21 PM
LH3418,Mangaia Island Airport,Mohéli Bandar Es Eslam Airport,10:52 AM,12:22 PM
AF6346,Carajás Airport,Ørland Airport,7:04 PM,2:24 AM
AI3145,Mabaruma Airport,Minhas Air Base,4:23 AM,1:27 PM
LH3957,Heide-Büsum Airport,Sandstone Airport,2:23 AM,12:45 PM
LH3012,Ampanihy Airport,Delta Junction Airport,2:03 AM,6:53 PM
UA9423,Phuket International Airport,Antalya International Airport,5:09 PM,2:11 AM
SQ3804,Cagliari Elmas Airport,Adi Sumarmo Wiryokusumo Airport,6:57 PM,10:57 AM
TG6378,Ouahigouya Airport,Lovell Field,9:22 AM,3:07 PM
SQ7691,Merimbula Airport,Fergana International Airport,6:27 AM,11:21 PM
KL7530,Cluj-Napoca International Airport,Zunyi Xinzhou Airport,9:05 PM,1:22 PM
AC3884,Margaret River (Station) Airport,Tshimpi Airport,11:51 PM,6:27 PM
UA5234,Lac Gagnon Seaplane Base,Christmas Island Airport,1:27 AM,10:02 PM
AA7759,Repulse Bay Airport,Springvale Airport,12:34 AM,5:18 AM
SK2032,Mariscal Lamar Airport,Harrisburg International Airport,8:27 AM,6:50 PM
AV3280,Normans Cay Airport,Obo Airport,1:14 AM,5:55 PM
UA7107,Lady Franklin Point Airport,Grand Lake Regional Airport,5:44 AM,4:40 PM
KL3711,Baniyala Airport,Sohag International Airport,10:31 PM,5:10 PM
LH2485,San Marcos Airport,Chhatrapati Shivaji International Airport,2:50 AM,7:27 PM
LH6251,Ngjiva Pereira Airport,Big Bear City Airport,9:52 PM,11:24 AM
AZ4856,Staroselye Airport,Kodiak Municipal Airport,12:34 AM,11:45 AM
AI6595,Vila Bela da Santíssima Trindade Airport,Wakkanai Airport,12:52 AM,9:04 PM
AA7154,Eisenach-Kindel Airport,Hancock County-Bar Harbor Airport,6:57 AM,4:40 AM
WN3384,Baganga airport,Kulik Lake Airport,6:56 PM,8:23 AM
NZ2540,Owen Sound / Billy Bishop Regional Airport,Clarksville–Montgomery County Regional Airport,5:37 PM,2:46 PM
LA9236,Kaghau Airport,Nauru International Airport,2:56 PM,7:12 PM
UA1618,Canela Airport,Helgoland-Düne Airport,11:10 PM,4:10 PM
AC1219,Touat Cheikh Sidi Mohamed Belkebir Airport,Naxos Airport,6:19 AM,2:46 PM
AA2935,Melangguane Airport,Gabès Matmata International Airport,8:51 PM,4:20 AM
AV4742,Lomé-Tokoin Airport,Henri Coandă International Airport,6:48 PM,10:10 AM
UA9501,London Stansted Airport,Düsseldorf Airport,5:18 AM,6:44 AM
QR6356,Kerrville Municipal Louis Schreiner Field,Devi Ahilyabai Holkar Airport,10:40 PM,11:54 AM
QR4368,Southport Airport,Kauehi Airport,5:11 PM,1:02 AM
DL3021,Morney Airport,Aerotortuguero Airport,9:53 AM,1:35 AM
ET8782,Irkutsk Airport,Meadow Lake Airport,2:43 PM,12:19 PM
WN5669,Skive Airport,Iboki Airport,5:26 AM,7:48 PM
LA1315,Jose Maria Córdova International Airport,Greater Cumberland Regional Airport,1:13 AM,10:30 PM
DL5525,Pincher Creek Airport,Poplarville Pearl River County Airport,2:46 PM,4:47 PM
AF4630,Yalgoo Airport,Roy Otten Memorial Airfield,1:03 AM,1:43 AM
NZ3326,Beni Mellal Airport,Bugulma Airport,2:33 AM,12:41 PM
ET5759,Toussaint Louverture International Airport,Tarbela Dam Airport,7:10 AM,5:13 PM
KL9443,Sir Charles Gaetan Duval Airport,Portsmouth International at Pease Airport,1:30 AM,8:50 PM
AI4967,Bapi Airstrip,Sumbe Airport,7:47 PM,7:37 PM
UA4725,Mono Airport,Groton New London Airport,5:30 PM,5:40 PM
ET6816,Antsoa Airport,Sanandaj Airport,9:47 AM,12:17 AM
LA7165,Wabag Airport,Haley Army Airfield,1:14 AM,10:01 PM
DL8564,Tupile Airport,Ruben Cantu Airport,6:48 AM,5:25 AM
WN7861,Hambantota Seaplane Base,São Gabriel Airport,8:25 AM,10:38 PM
KE9801,Wilbarger County Airport,Gustaf III Airport,2:10 PM,1:30 PM
KE5512,Khan Jahan Ali Airport,Sebba Airport,4:21 PM,11:33 PM
AZ6288,Bairnsdale Airport,Ardmore Downtown Executive Airport,2:08 AM,10:18 PM
TG4154,Ust-Tsylma Airport,Montgomery Regional (Dannelly Field) Airport,8:03 AM,6:35 AM
SA5308,Tamuin Airport,Drake Bay Airport,4:51 PM,1:01 PM
SA4339,Lake Murray Airport,Baracoa Airport,8:20 PM,1:14 PM
WN6726,Drift River Airport,Hato International Airport,6:27 PM,11:38 AM
KL4926,Jeki Airport,Kasabonika Airport,4:23 PM,1:28 AM
DL5548,Chigorodó Airport,Auburn Municipal Airport,5:47 PM,10:01 PM
UA9835,Langimar Airport,Bou Chekif Airport,2:09 AM,11:50 AM
SK7593,Clermont Airport,EMBRAER - Unidade Gavião Peixoto Airport,1:08 AM,11:29 AM
AV9155,Elista Airport,RAF Fairford,8:31 PM,11:40 AM
TG3912,Saposoa Airport,Masvingo International Airport,10:43 AM,11:19 PM
LH9450,Bocas Del Toro International Airport,Monte Real Air Base,8:01 PM,2:05 PM
EK8320,Puerto Armuelles Airport,Auxiliary Airfield,1:43 PM,1:10 AM
AF8029,General Guadalupe Victoria International Airport,Cherskiy Airport,10:28 AM,10:05 AM
ET9515,Castle Airport,Akola Airport,5:08 PM,4:21 AM
UA6785,Birmingham-Shuttlesworth International Airport,Jammu Airport,6:30 PM,1:15 PM
CX7704,Heathlands Airport,Bermejo Airport,3:54 AM,4:44 AM
NZ7644,Bulgan Sum Airport,Daman Airport,1:05 PM,3:00 PM
KE2765,Labo Airport,Medicine Hat Airport,1:57 AM,9:43 AM
AV1487,Siena-Ampugnano Airport,Hanimaadhoo Airport,11:32 PM,3:25 PM
AA1559,Baghdad International Airport,Perth Jandakot Airport,9:50 AM,9:44 AM
AC2475,Rainbow Lake Airport,Kimble County Airport,3:51 AM,12:36 AM
AV3280,Mehrabad International Airport,Komatipoort Airport,2:16 PM,11:38 PM
TG9254,Campbell River Airport,Çardak Airport,6:57 PM,12:48 AM
SK8474,Dargaville Aerodrome,RAF Akrotiri,7:49 PM,7:54 PM
AF3264,Benina International Airport,Borg El Arab International Airport,2:28 PM,5:52 PM
UA2957,Perito Moreno Airport,Berlevåg Airport,1:14 PM,1:52 AM
SK7971,Nea Anchialos Airport,Cerro Largo International Airport,11:54 PM,3:57 PM
SQ2302,Lawrence County Airpark,Wings Field,9:17 PM,1:55 AM
WN6588,Marshall Islands International Airport,Makurdi Airport,9:04 PM,1:41 PM
SQ5103,Maniwaki Airport,Augustus Downs Airport,1:25 AM,9:56 AM
AA8346,Big Bear City Airport,Des Moines International Airport,6:10 AM,6:57 PM
NH3161,Inverway Airport,Carurú Airport,1:41 AM,4:45 PM
QF7905,Cheadle Airport,Philip Airport,11:47 PM,11:55 PM
CX5398,Eucla Airport,Zürich Airport,1:33 AM,3:27 AM
BA1547,Salem Municipal Airport/McNary Field,Bristol Filton Airport,3:33 AM,10:42 AM
SK9881,Winkler County Airport,Wilbarger County Airport,10:58 PM,4:58 PM
NZ3167,Boeing Field King County International Airport,Tallahassee Regional Airport,7:13 PM,3:09 PM
QF2960,Notodden Airport,John C. Munro Hamilton International Airport,4:58 PM,6:03 PM
AF2026,Statesboro Bulloch County Airport,Cascavel Airport,5:03 PM,8:00 AM
SA8676,Kennett Memorial Airport,Fort Dodge Regional Airport,1:07 PM,6:18 PM
CX9990,Sacramento Executive Airport,Licenciado y General Ignacio Lopez Rayon Airport,9:33 PM,7:56 AM
TG3165,Darwin International Airport,Mouyondzi Airport,2:36 PM,8:36 PM
NZ4558,Mostar International Airport,Tapini Airport,8:46 PM,11:59 AM
SQ9484,Jiri Airport,Sabha Airport,12:10 AM,3:36 PM
AA4754,Yakutat Airport,Boryspil International Airport,9:12 PM,1:43 PM
TG7226,Taupo Airport,Yan'an Ershilipu Airport,1:44 PM,4:16 AM
NZ6628,Midland Airpark,Saint-Brieuc-Armor Airport,2:30 AM,2:23 AM
AZ3825,Tarabo Airport,"Oslo, Fornebu Airport",7:15 PM,2:39 PM
NH2702,Lese Airport,Wycombe Air Park,4:11 AM,7:42 PM
LH7299,Aalborg Airport,Tripoli International Airport,10:22 PM,11:11 AM
KE4277,Chiang Mai International Airport,San Blas Airport,2:00 PM,1:37 AM
QF7701,General E. Mosconi Airport,Pondok Cabe Air Base,12:14 PM,12:48 PM
KL6764,Asau Airport,Tessenei Airport,11:34 PM,9:25 AM
AC2041,Solita Airport,California Redwood Coast-Humboldt County Airport,8:14 PM,11:42 AM
KE5048,Corvallis Municipal Airport,Elrose Airport,4:52 PM,12:16 AM
AC6547,German Olano Airport,Gwa Airport,6:39 PM,11:39 PM
BA2088,Chillagoe Airport,Aripuanã Airport,5:25 AM,6:38 PM
DL3314,Lafayette Regional Airport,Degah Bur Airport,8:56 PM,5:29 AM
ET7092,Abu Rudeis Airport,Yecheon Airbase,4:32 AM,2:12 PM
AC7028,Goundam Airport,Kurumoch International Airport,6:51 AM,4:09 PM
KE3160,Honiara International Airport,Calgary International Airport,11:11 PM,12:51 AM
BA8137,Yuanmou Air Base,Port Protection Seaplane Base,12:13 AM,1:11 AM
CX5129,Kariba International Airport,Offutt Air Force Base,10:12 AM,6:52 PM
AV1456,Reyes Murillo Airport,Guna Airport,9:28 PM,5:02 AM
BA1547,Skukuza Airport,Fort Lee Army Airfield,3:04 AM,8:08 AM
AV7529,Mattala Rajapaksa International Airport,Melbourne Essendon Airport,5:23 AM,7:11 AM
DL8386,Mandora Airport,Stevens Village Airport,1:58 PM,11:39 PM
IB3042,Mopah Airport,Thames Aerodrome,12:39 PM,7:39 PM
SQ3948,Varna Airport,Moore County Airport,11:33 PM,9:15 AM
WN9004,Abaco I Walker C Airport,Sabha Airport,6:16 AM,6:35 PM
NZ7385,Las Vegas Municipal Airport,Canobie Airport,3:31 AM,12:40 PM
LH6097,Jinja Airport,Woodie Woodie Airport,6:44 PM,5:13 PM
AV4698,San Fernando De Apure Airport,Nador International Airport,12:18 PM,11:14 PM
DL3595,Morawa Airport,Imbaimadai Airport,3:53 AM,8:22 PM
DL4026,Unalakleet Airport,Campo Fontenelle Airport,8:47 AM,7:14 PM
AV5645,L O Simenstad Municipal Airport,Mitchell Plateau Airport,5:26 AM,6:08 PM
UA5817,Maintirano Airport,Hilton Head Airport,11:29 AM,8:34 PM
NH6772,Eastland Municipal Airport,Sydney Bankstown Airport,3:29 AM,5:38 PM
SK5355,Dillant Hopkins Airport,Zabrat Airport,1:18 AM,3:13 AM
QR5248,Orocue Airport,Albury Airport,10:06 PM,3:44 PM
CX7337,Nellis Air Force Base,Moundou Airport,3:11 AM,5:45 AM
AC6932,Sandstone Airport,New Chitose Airport,5:54 AM,9:08 PM
NZ8575,Pulau Tioman Airport,Obano Airport,12:58 AM,7:04 AM
DL8815,Ísafjörður Airport,Little Grand Rapids Airport,6:08 AM,5:49 AM
ET2520,Estherville Municipal Airport,Cadjehoun Airport,11:24 PM,2:51 PM
NZ3217,Anapa Vityazevo Airport,Kalaeloa Airport,3:32 AM,7:19 AM
AI1305,Pemba Airport,Camilo Daza International Airport,9:26 PM,7:56 AM
QF5881,Miho Yonago Airport,Port Heiden Airport,2:56 AM,5:05 PM
SK7480,Brigadier Antonio Parodi Airport,Leo Airport,11:28 PM,4:28 AM
AV3392,Henry Tift Myers Airport,Headingly Airport,11:19 PM,10:02 AM
SA3924,Rigolet Airport,Thumrait Air Base,12:08 AM,1:18 PM
NH8129,Yibin Caiba Airport,Morawa Airport,1:52 AM,5:53 AM
DL5432,Jacareacanga Airport,Komatipoort Airport,9:59 PM,11:27 PM
ET5547,Hatbox Field,Monkey Bay Airport,9:32 AM,7:03 PM
AC9935,Sertanópolis Airport,Anniston Regional Airport,11:46 AM,10:34 PM
AC3884,Mount Swan Airport,Linden Airport,12:18 AM,1:08 AM
QF9225,Kaneohe Bay MCAS (Marion E. Carl Field) Airport,South Molle Island Helipad,2:11 PM,2:58 PM
AZ2754,Jacmel Airport,Donoi Airport,9:24 PM,7:36 AM
AF4367,Balıkesir Körfez Airport,St Marys Municipal Airport,3:03 AM,12:10 PM
AA5793,Torrington Municipal Airport,Concórdia Airport,11:50 AM,9:55 AM
TG7204,Odessa International Airport,Yapsiei Airport,10:29 AM,9:02 PM
SQ5037,Captain Auguste George Airport,Basango Mboliasa Airport,10:47 AM,5:44 PM
KE9265,Lille-Lesquin Airport,Licenciado Benito Juarez International Airport,5:16 AM,12:49 AM
QR4584,Ernest A. Love Field,Great Harbour Cay Airport,11:56 PM,10:09 PM
SQ7691,Punta de Maisi Airport,Jomo Kenyatta International Airport,4:17 AM,9:52 AM
UA1453,Tambolaka Airport,Kairuku Airport,3:53 AM,2:56 AM
UA8455,Andrau Airpark,Namutoni Airport,1:57 AM,8:45 AM
AM3307,Amado Nervo National Airport,Butaritari Atoll Airport,10:52 PM,7:30 AM
BA4990,Fort Simpson Airport,Port Graham Airport,2:49 PM,11:24 AM
TG4764,Yucca Airstrip,Cururupu Airport,1:25 PM,6:31 PM
QR9262,Kassala Airport,Beirut Rafic Hariri International Airport,2:16 AM,6:38 AM
DL1765,Abaiang Airport,Arusha Airport,11:08 AM,3:55 PM
WN7481,Anápolis Airport,Labasa Airport,6:26 PM,3:15 PM
KL3967,Toronto/Oshawa Executive Airport,Boku Airport,4:03 PM,4:12 PM
AM4717,Huallaga Airport,Ikerassaarsuk Heliport,7:55 PM,7:31 PM
AI4924,Namlea Airport,Lake Baringo Airport,3:56 AM,9:31 AM
DL5162,Tara Airport,Krasnoselkup Airport,8:29 PM,7:32 AM
NH9219,Yoron Airport,Jask Airport,4:09 AM,4:26 AM
KL3038,Terrance B. Lettsome International Airport,Sebring Regional Airport,3:37 AM,3:17 AM
NZ4960,Ellison Onizuka Kona International At Keahole Airport,Sacramento International Airport,6:30 AM,11:33 PM
AI5161,Kaimana Airport,Clinton County Airport,8:36 PM,1:14 PM
AF2617,Rocky Mountain Metropolitan Airport,Abbotsford Airport,2:14 AM,2:38 AM
TG7872,Bui-Dama Airport,Jenpeg Airport,9:25 PM,4:22 PM
LH7119,Alice Arm/Silver City Seaplane Base,Chino Airport,7:18 AM,7:12 PM
BA9701,Cairo International Airport,Borkum Airport,2:12 PM,4:20 PM
IB2906,Port Alsworth Airport,Puerto Cabezas Airport,8:37 PM,12:47 PM
NH7569,Malatya Erhaç Airport,Ardmore Downtown Executive Airport,10:35 AM,6:39 PM
SA4881,Wings Field,Dezful Airport,4:18 PM,3:26 PM
AM1425,Collie Airport,Impfondo Airport,4:22 AM,12:20 PM
AM8497,Griffith Airport,Tallahassee Regional Airport,11:34 AM,9:05 PM
AC8533,Plan De Guadalupe International Airport,Falcone–Borsellino Airport,11:49 PM,10:32 PM
CX3227,Chatham Kent Airport,Illesheim Air Base,9:33 AM,3:46 PM
AM6788,Vanguardia Airport,Rolla Downtown Airport,3:38 AM,12:54 PM
BA2574,Vichy-Charmeil Airport,Balcanoona Airport,7:19 AM,7:26 AM
AA2499,Sørkjosen Airport,Mwadui Airport,8:07 AM,6:08 AM
TG9872,Phoenix Deer Valley Airport,Shah Mokhdum Airport,5:30 AM,1:03 AM
AZ9148,Cat Lake Airport,Gore Bay Manitoulin Airport,10:08 PM,1:57 PM
ET5433,Coral Harbour Airport,Nangasuri Airport,3:36 AM,5:30 AM
QR9885,Cherif Al Idrissi Airport,Lai Airport,10:46 AM,7:23 PM
AV7022,Belbek Airport,Robert Gabriel Mugabe International Airport,7:55 PM,1:04 AM
CX4113,Coastal Carolina Regional Airport,Ngloram Airport,8:18 PM,11:40 AM
QF9353,Uşak Airport,Khatanga Airport,3:42 AM,3:43 AM
UA9619,Young Airport,Rockhampton Downs Airport,11:32 PM,10:39 AM
AM3244,Caloundra Airport,Kelowna International Airport,5:47 AM,12:17 AM
AV2185,Jackpot Airport/Hayden Field,Łódź Władysław Reymont Airport,8:09 PM,4:51 PM
SK5755,Whitianga Airport,Ordos Ejin Horo Airport,3:30 AM,3:59 AM
SQ4020,Fort Mcpherson Airport,Union Island International Airport,1:27 PM,10:31 AM
NZ9667,Mount Washington Regional Airport,Bilogai-Sugapa Airport,9:57 AM,12:30 AM
AZ2524,Kaukura Airport,Laoag International Airport,11:25 AM,9:39 AM
UA9501,Qianjiang Wulingshan Airport,Jacquinot Bay Airport,10:37 AM,2:40 PM
EK2263,Artesia Municipal Airport,Fergus Falls Municipal Airport - Einar Mickelson Field,11:31 PM,8:33 PM
BA7786,Humberto Ghizzo Bortoluzzi Regional Airport,Cape Town International Airport,9:52 AM,11:16 AM
LA3053,Lab Lab Airport,Aswan International Airport,10:32 PM,2:49 PM
SQ7617,Denison Municipal Airport,Ralph M Calhoun Memorial Airport,1:57 AM,7:25 PM
DL3734,Juvenal Loureiro Cardoso Airport,Kurundi Airport,5:18 AM,4:30 PM
AV7890,Kilimanjaro International Airport,Montague-Yreka Rohrer Field,3:24 AM,6:34 PM
AV9918,Banz Airport,Albany Airport,2:39 PM,8:48 PM
EK6651,Aba Tenna Dejazmach Yilma International Airport,Pechora Airport,11:15 AM,2:46 PM
AV2250,Abreojos Airport,Alowe Airport,2:43 AM,9:43 AM
CX5757,Federico Garcia Lorca Airport,Lansdowne House Airport,11:37 AM,8:39 AM
AI5694,Yalumet Airport,Ar Horqin Airport,9:13 PM,11:10 PM
SQ9526,Los Banos Municipal Airport,Nanaimo Airport,8:08 AM,9:33 PM
AC1444,Etadunna Airport,Dallas Fort Worth International Airport,5:29 PM,12:18 PM
SA5934,Sultan Abdul Aziz Shah International Airport,Robinson River Airport,1:28 PM,4:47 AM
IB6696,Mejit Atoll Airport,Baganga airport,12:50 AM,3:08 AM
NZ7772,Saglek Airport,Takaroa Airport,12:47 PM,7:31 PM
SQ8492,Tanna Airport,Ondangwa Airport,8:57 PM,12:03 AM
SQ2013,Turukhansk Airport,Tangshan Sannühe Airport,8:27 AM,9:13 PM
TG4328,Djúpivogur Airport,Chitina Airport,2:26 PM,12:49 PM
SK7338,Sibi Airport,San Angelo Regional Mathis Field,10:21 PM,9:09 AM
AI1429,Caen-Carpiquet Airport,Zamperini Field,1:27 PM,8:37 PM
AF4630,Kokshetau Airport,Schönhagen Airport,4:40 AM,7:51 AM
WN2781,Olympia Regional Airport,Dodge City Regional Airport,11:33 PM,4:35 PM
WN6462,Ravensthorpe Airport,Kowanyama Airport,6:24 PM,2:30 PM
SK4478,Taylor County Airport,Tubuai Airport,3:56 AM,8:51 AM
UA6425,Lages Airport,Southern Illinois Airport,12:39 PM,10:12 PM
IB1305,Babanakira Airport,Dandong Airport,2:22 PM,7:39 PM
AF9595,Ciudad del Carmen International Airport,Mitchell Plateau Airport,2:22 AM,11:27 PM
UA9950,Koolburra Airport,El Arish International Airport,12:11 PM,7:33 PM
QR4220,Sierra Grande Airport,Angoon Seaplane Base,8:04 AM,10:08 AM
SK5287,Ramata Airport,Tilin Airport,4:53 PM,2:41 PM
SK6941,Kaoh Kong Airport,Cap Manuel Niño International Airport,4:16 PM,4:53 AM
CX1015,Yangzhou Taizhou Airport,Stevens Point Municipal Airport,8:21 PM,3:00 PM
KE4411,Batesville Regional Airport,The Pas Airport,8:07 PM,11:35 PM
KE1844,Pukarua Airport,Xewkija Heliport,8:06 AM,8:35 AM
LA6020,Dryden Regional Airport,Twentynine Palms Airport,11:25 PM,6:18 PM
AA5556,Paulo Afonso Airport,Dubuque Regional Airport,12:09 PM,3:28 AM
KL8812,Makkovik Airport,Buin Airport,6:14 PM,5:10 AM
KL6466,Grand Junction Regional Airport,Greater Moncton International Airport,6:36 PM,12:48 PM
LA4303,Sohar Airport,San Juan /Uganik/ Seaplane Base,6:47 AM,8:03 PM
EK7012,Bella Bella (Campbell Island) Airport,La Sarre Airport,10:09 PM,10:54 AM
SK2920,Bamburi Airport,Greenville Airport,5:33 PM,8:02 AM
TG4753,Oakland County International Airport,Tumolbil Airport,11:52 AM,8:59 AM
SQ4120,Araxos Airport,Minangkabau International Airport,4:14 AM,9:09 AM
AC9162,Cessnock Airport,Changbaishan Airport,3:48 PM,7:03 PM
KL3239,Propriano Airport,Mc Entire Joint National Guard Base,6:18 AM,8:31 PM
CX8811,Tsletsi Airport,Grumman Bethpage Airport,6:15 PM,7:14 AM
SK1081,Fort Albany Airport,Habi Airport,3:23 AM,5:24 AM
SK2402,Tzaneen Airport,Provo Municipal Airport,11:31 PM,8:05 PM
CX8117,St Clair County International Airport,Oakey Airport,9:40 AM,3:52 PM
SK4118,Bagani Airport,Birchwood-Pocono Airport,7:23 PM,4:03 PM
AF9216,Paraparaumu Airport,Granite Downs Airport,4:41 AM,10:02 AM
SA8371,Hutchinson County Airport,Sialum Airport,6:58 PM,3:35 PM
IB2849,Antonio Maceo International Airport,General Manuel Serrano Airport,8:20 AM,8:50 AM
WN8983,Puas Airport,Oodnadatta Airport,7:51 PM,1:32 PM
QF3964,"Rewa Airport, Chorhata, REWA",Kaben Airport,12:14 AM,8:01 PM
NH8549,Masirah Air Base,Nukutavake Airport,12:15 AM,3:46 PM
SQ4809,Maya-Maya Airport,Rokeby Airport,7:36 AM,6:12 PM
NH3973,Waldronaire Airport,Texas Gulf Coast Regional Airport,7:10 PM,3:44 PM
QR7445,Djibouti-Ambouli Airport,Buluh Tumbang (H A S Hanandjoeddin) Airport,4:25 PM,5:45 PM
TG6754,Bitburg Airport,Hpa-N Airport,7:15 PM,10:40 PM
LH7175,Douglas Lake Airport,Varkaus Airport,3:15 AM,1:48 PM
SA2695,Hood Army Air Field,Udine-Campoformido Air Base,3:36 PM,4:51 AM
AI1813,Plan De Guadalupe International Airport,Kinkungwa Airport,4:47 AM,9:59 PM
AF8339,Haelogo Airport,San Gabriel Valley Airport,6:30 PM,5:50 AM
SQ3533,Sugimanuru Airport,Cut Bank International Airport,10:44 PM,12:39 AM
BA7019,Yinchuan Hedong International Airport,Hubli Airport,2:37 AM,8:58 PM
SA5569,Lightning Ridge Airport,Z M Jack Stell Field,8:39 AM,9:39 PM
SK8444,Uzhhorod International Airport,Sanford Seacoast Regional Airport,12:30 PM,9:42 PM
AV3966,Iloilo International Airport,Ignace Municipal Airport,5:51 PM,11:24 AM
AA1753,Wharton Regional Airport,Sierra Vista Municipal Libby Army Air Field,7:44 PM,4:41 PM
TG6258,Sambu Airport,Ardmore Airport,10:44 PM,6:48 AM
IB2973,Squamish Airport,Dong Tac Airport,12:47 AM,7:18 PM
WN3613,Nea Anchialos Airport,Musoma Airport,11:10 PM,4:07 PM
DL6343,Biskra Airport,Zhangjiakou Ningyuan Airport,9:23 PM,3:29 PM
AF5186,Samuels Field,Kalamazoo Battle Creek International Airport,9:51 AM,7:18 AM
AV9936,Kamarang Airport,Le Mans-Arnage Airport,6:26 PM,4:03 AM
SQ5580,Mammoth Yosemite Airport,Votuporanga Airport,6:50 PM,3:59 AM
ET5950,St Louis Downtown Airport,Param Airport,4:10 AM,1:00 PM
SK5287,Kurwina Airport,Tbilisi International Airport,9:20 AM,5:27 AM
AA8464,Agartala Airport,Charlotte Amalie Harbor Seaplane Base,8:57 PM,8:24 AM
SK2568,Begishevo Airport,Lamen Bay Airport,3:47 AM,1:09 AM
IB3208,Mendi Airport,Rae Lakes Airport,7:05 AM,6:11 AM
SK4312,Bizant Airport,Talasea Airport,9:13 PM,6:26 PM
NZ1242,Santana do Araguaia Airport,Thorshofn Airport,10:12 PM,5:51 AM
KL7081,Coondewanna Airport,Longreach Airport,5:04 AM,8:12 AM
AV2432,Kavalerovo Airport,Reyes Murillo Airport,6:28 AM,9:32 PM
LH1675,Hoy/Longhope Airfield,Fairbury Municipal Airport,3:56 AM,4:09 AM
AZ6189,Philip Billard Municipal Airport,Cape Eleuthera Airport,11:42 PM,6:18 AM
AZ9034,Álamos Airport,Townsville Airport,8:04 AM,6:58 PM
AA5427,Pike County-Hatcher Field,Cue Airport,3:50 AM,10:45 PM
SK4848,Alluitsup Paa Heliport,Forest City Municipal Airport,9:46 AM,1:10 AM
LA8052,Camfield Airport,Faya Largeau Airport,1:46 AM,5:00 PM
LH4515,El Naranjo Airport,Cutral-Co Airport,4:55 PM,9:17 AM
LH8277,Shahid Ashrafi Esfahani Airport,Tabibuga Airport,1:10 PM,1:52 AM
AZ2658,Bakkafjörður Airport,Qinhuangdao Beidaihe Airport,8:26 PM,9:47 AM
AM9145,Parachinar Airport,Sawan Airport,1:35 PM,8:11 PM
SQ3260,Santa Maria Pub/Capt G Allan Hancock Field,Gatokae Airport,4:12 AM,1:50 PM
SK5816,Yancheng Airport,Iwakuni Marine Corps Air Station,5:22 AM,2:54 PM
CX2045,Marudi Airport,Simón Bolívar International Airport,4:45 AM,6:11 PM
CX1065,Isla de Tigre  Heliport,Yulin Yuyang Airport,3:48 PM,1:02 AM
QF1621,Changde Airport,General Ignacio P. Garcia International Airport,8:22 PM,12:54 PM
DL3161,Almería International Airport,Gifu Airport,12:08 AM,4:18 PM
WN7250,Gabbs Airport,Dr. Arturo H. Illia Airport,10:13 AM,5:19 PM
NH6679,Arrabury Airport,Pukarua Airport,9:31 PM,12:27 AM
KL4500,Meekatharra Airport,Bird Island Airport,7:12 PM,12:16 PM
LH7027,Sanikiluaq Airport,Renmark Airport,12:38 AM,7:27 AM
WN2403,Massena International Richards Field,Borgarfjörður eystri Airport,3:26 PM,6:01 AM
QF4855,Aktau Airport,Huangyan Luqiao Airport,3:32 AM,6:46 AM
ET7435,Yorke Island Airport,Rafha Domestic Airport,7:58 AM,12:30 PM
SQ2197,Bournemouth Airport,Amahai Airport,11:49 PM,10:18 PM
IB2768,Glenwood Springs Municipal Airport,Maku National Airport,12:37 AM,4:01 PM
LA4064,Takotna Airport,Vieques Airport,2:24 AM,2:39 PM
AA9225,Basco Airport,Kerch Airport,5:41 PM,7:12 PM
KL5908,Niamtougou International Airport,Lankaran International Airport,5:45 PM,6:42 AM
QF6795,Dundo Airport,Scribner State Airport,3:36 PM,5:03 PM
BA8817,Roi Et Airport,Jinchuan Airport,11:17 AM,2:48 AM
BA1624,Tengchong Tuofeng Airport,Badu Island Airport,12:23 AM,2:48 AM
BA6099,Wuzhou Changzhoudao Airport,Benton Field,2:09 PM,12:04 AM
KL2077,Torsby Airport,New Tanegashima Airport,5:57 AM,12:28 PM
AV7890,Vichy-Charmeil Airport,Sion Airport,3:28 AM,2:23 AM
AM1973,Mahenye Airport,Greenville Downtown Airport,3:57 AM,8:45 AM
NH8235,Pontoise - Cormeilles-en-Vexin Airport,Balmaceda Airport,8:18 PM,7:34 PM
KL6135,Gunung Batin Airport,Leeward Point Field,7:29 PM,1:29 AM
KL7090,Kahului Airport,Meekatharra Airport,3:35 AM,11:07 AM
WN3151,Sabha Airport,Ammaroo Airport,4:44 AM,9:33 PM
AI5502,Foumban Nkounja Airport,Bolovip Airstrip,12:52 PM,7:04 AM
SQ2732,Okeechobee County Airport,Cherrabun Airport,3:22 AM,11:05 PM
EK9440,La Chorrera Airport,Mulia Airport,3:31 PM,9:18 AM
UA7982,Sterling Municipal Airport,Piloto Osvaldo Marques Dias Airport,9:45 PM,6:24 PM
UA5518,Unguia Airport,Tahoua Airport,2:30 PM,12:24 PM
AA5427,Mui River Airport,Betou Airport,1:03 AM,10:38 AM
KL3616,Sabha Airport,Junin Airport,4:52 AM,10:01 PM
LA9660,Copenhagen Roskilde Airport,Nosara Airport,5:04 PM,4:38 PM
AF7132,Kagi Airport,Kisengam Airport,7:50 PM,6:05 AM
KE6581,Wyndham Airport,Alexander the Great International Airport,7:57 PM,11:19 PM
AC9578,Ikela Airport,Westray Airport,12:26 AM,9:44 AM
KE4188,Houlton International Airport,Coronel FAP Francisco Secada Vignetta International Airport,12:01 AM,9:10 AM
UA1667,Cacoal Airport,Zhukovsky International Airport,9:16 AM,12:29 PM
SQ2544,University of Oklahoma Westheimer Airport,Chester County G O Carlson Airport,6:09 AM,11:56 AM
NZ3217,Paros National Airport,Ampara Airport,3:43 AM,10:09 PM
DL4237,Touho Airport,Baoshan Yunduan Airport,5:12 AM,9:21 AM
NZ3584,Austin Airport,Whyalla Airport,8:15 AM,2:37 AM
LH6305,Gjögur Airport,Lae Island Airport,3:06 AM,1:41 PM
TG6062,Almaty Airport,Kiruna Airport,10:16 AM,5:38 AM
EK2243,Katsina Airport,Orán Airport,6:06 PM,5:35 AM
AV6858,Svetlaya Airport,John A. Osborne Airport,7:08 AM,10:26 PM
IB7358,Powell Municipal Airport,Tobago-Crown Point Airport,6:45 AM,12:59 AM
SQ5275,Dillingham Airfield,Maku National Airport,1:45 PM,3:53 PM
NH2702,White Mountain Airport,Belluno Airport,10:41 PM,3:08 PM
BA3052,Sharjah International Airport,Trepell Airport,10:40 PM,7:10 PM
QF9225,Altus Air Force Base,Chinchilla Airport,5:27 AM,9:11 AM
NZ7265,Chester County G O Carlson Airport,Tabora Airport,5:57 PM,11:14 PM
SQ3948,Nouakchott–Oumtounsy International Airport,Conakry International Airport,5:00 PM,6:03 PM
SQ7786,Roxas Airport,Bangui M'Poko International Airport,8:23 PM,8:34 PM
SQ1094,Dane County Regional Truax Field,Brive Souillac Airport,7:24 PM,5:48 PM
QF2974,Lac Brochet Airport,Teminabuan Airport,11:09 AM,11:12 AM
AZ5112,Baotou Airport,Ponta Pelada Airport,12:57 PM,5:50 PM
BA3483,Lusambo Airport,Niamtougou International Airport,5:14 AM,10:23 PM
DL7850,Newton Municipal Airport,Clorinda Airport,6:38 AM,1:51 PM
BA5939,Gayndah Airport,West Wyalong Airport,8:40 AM,7:06 PM
UA5184,Tsushima Airport,Yoshkar-Ola Airport,4:49 AM,3:34 AM
WN4007,Ingjaldssanður Airport,Agen-La Garenne Airport,3:24 PM,9:02 AM
WN5297,Dodoima Airport,Zafer Airport,1:59 AM,2:25 AM
NH6772,Trona Airport,Camiguin Airport,4:32 PM,4:18 AM
CX3392,Benguera Island Airport,Faleolo International Airport,5:29 AM,7:56 PM
WN7709,Waynesville-St. Robert Regional Forney field,Winkler County Airport,2:04 PM,5:44 PM
LH2767,Barking Sands Airport,Uşak Airport,2:09 PM,6:03 PM
AZ8963,Nara Airport,Cuito Cuanavale Airport,2:35 AM,9:54 AM
KL6164,M'Boki Airport,Tweed New Haven Airport,10:31 PM,4:26 PM
AF9614,Masirah Air Base,Dawson Community Airport,9:43 AM,10:45 PM
SK1308,EL Real Airport,General Mitchell International Airport,3:51 AM,2:29 PM
DL4343,Moroak Airport,Anglesey Airport,11:42 PM,5:04 PM
AZ1200,Tallahassee Regional Airport,Samangoky Airport,12:57 AM,4:06 PM
SQ1526,Nuremberg Airport,Valcheta Airport,4:11 PM,4:44 PM
UA5070,Anyang Airport,Jordan Airport,12:32 PM,11:08 PM
AZ5777,Munbil Airport,Milyakburra Airport,12:00 PM,5:36 AM
UA1324,Taylor Airport,Lahad Datu Airport,8:21 AM,7:11 AM
AI3634,Limpopo Valley Airport,Mount Pleasant Airport,11:40 PM,1:27 PM
LH6965,Mehamn Airport,Kagoshima Airport,6:35 AM,10:16 AM
NH9219,York Landing Airport,Livermore Municipal Airport,5:31 AM,10:01 AM
KL3966,Vangaindrano Airport,Redzikowo Air Base,3:35 AM,5:17 PM
UA5293,Lindeman Island Airport,Bilaspur Airport,3:08 PM,3:26 PM
NZ8723,Maleo Airport,Urubupunga Airport,6:38 PM,3:21 PM
AA2638,"Rørvik Airport, Ryum",Gordon Municipal Airport,9:14 PM,6:29 PM
SQ5181,Wick Airport,Gulgubip Airport,7:11 AM,9:26 PM
EK5040,Columbus Lowndes County Airport,Inus Airport,3:15 PM,6:12 PM
DL1233,West Memphis Municipal Airport,Kangaatsiaq Heliport,5:22 AM,8:01 PM
AC2870,Chignik Lake Airport,San Bernardino International Airport,11:46 PM,5:52 AM
DL4237,Yorketown Airport,Malvinas Argentinas Airport,4:20 AM,8:35 AM
AI8875,El Gora Airport,Maryborough Airport,8:49 AM,3:02 PM
TG3327,Earl Henry Airport,Dazu Air Base,5:35 AM,9:38 PM
AV1217,Matamata Glider Airport,Napperby Airport,9:47 PM,3:24 AM
AC5615,Governador Jorge Teixeira de Oliveira Airport,Kulik Lake Airport,4:05 AM,12:22 PM
AI4924,Entrance Island Seaplane Base,Seal Bay Seaplane Base,8:37 AM,3:28 PM
AI7555,Nappa Merrie Airport,Laughlin Bullhead International Airport,6:28 AM,6:35 PM
AA7995,Johan Pienaar Airport,Langtang Airport,7:05 AM,1:35 AM
KL4223,Heidelberg Army Helicopter Base,Lidköping-Hovby Airport,10:43 AM,4:49 PM
WN9690,Hudson Bay Airport,Kufra Airport,4:02 PM,10:19 PM
NZ1420,Lubbock Preston Smith International Airport,Lecce Galatina Air Base,11:28 PM,9:00 AM
ET8668,Kanabea Airport,Ndolo Airport,1:43 PM,1:20 AM
WN2925,Óbidos Airport,Corazón de Jesús Airport,1:35 AM,8:22 AM
UA9501,Fuerteventura Airport,Berezovo Airport,9:55 AM,2:47 AM
NH2702,Teuku Cut Ali Airport,Castellón-Costa Azahar Airport,4:16 PM,8:01 AM
ET9810,Hpa-N Airport,Stenkol Airport,2:51 PM,1:25 AM
AA5573,RAF Odiham,Camiri Airport,4:07 PM,10:03 PM
AM2848,Kupiano Airport,Olga Bay Seaplane Base,3:18 PM,6:57 PM
KL6764,Dambulu Oya Tank Seaplane Base,Jim Hamilton L.B. Owens Airport,10:06 PM,9:40 PM
AA1824,Digby / Annapolis Regional Airport,Wales Airport,2:29 PM,5:45 PM
EK6770,Sarandi Airport,Chico Municipal Airport,5:38 PM,2:23 AM
AA1405,Naoro Airport,Wudinna Airport,8:05 AM,10:36 AM
UA3441,Hermanos Serdán International Airport,Jerez Airport,4:09 AM,2:19 PM
CX1515,Paruma Airport,Cherrabun Airport,2:16 PM,8:16 PM
DL2266,Rankin Inlet Airport,Zona da Mata Regional Airport,4:18 PM,5:20 PM
NZ5489,Tiko Airport,Fresno Yosemite International Airport,9:30 PM,10:46 PM
NZ6242,Marina Municipal Airport,Telefomin Airport,3:05 PM,4:23 AM
TG4168,El Tari Airport,Aragip Airport,4:42 PM,5:31 AM
UA5293,Diapaga Airport,Batagay Airport,6:21 AM,8:34 PM
QF4801,Fagali'i Airport,Coffman Cove Seaplane Base,3:45 PM,5:46 AM
IB8002,St Marys Municipal Airport,Ishurdi Airport,8:09 AM,6:58 PM
CX3529,Pellston Regional Airport of Emmet County Airport,Qacha's Nek Airport,4:26 PM,3:44 AM
KE9760,Danilo Atienza Air Base,Aldan Airport,7:33 AM,4:19 PM
IB8449,Nampula Airport,Curuzu Cuatia Airport,11:53 PM,9:13 PM
SA9625,Okhotsk Airport,Fresno Yosemite International Airport,12:02 AM,11:59 AM
AV5015,Palm Springs International Airport,Nushki Airport,10:20 PM,4:44 PM
IB5640,Safford Regional Airport,Tilin Airport,2:14 PM,9:26 PM
UA9501,Maimun Saleh Airport,Rif Airport,9:34 PM,8:03 AM
BA7617,Ulan-Ude Airport (Mukhino),Gorna Oryahovitsa Airport,9:10 AM,12:22 AM
ET9601,Jipijapa Airport,Atlantic Municipal Airport,8:29 AM,9:28 AM
EK1409,Lekoni Airport,Al Asad Air Base,3:41 PM,1:06 AM
QF7248,Stony Rapids Airport,North Perry Airport,6:02 PM,8:41 PM
QR9862,RAF Cottesmore,Cataratas International Airport,7:47 AM,8:56 PM
QF9447,Dillingham Airport,Vorkuta Airport,12:16 AM,4:09 AM
DL3149,Assab International Airport,Chengde Puning Airport,3:43 AM,7:21 PM
AM4189,Charles B. Wheeler Downtown Airport,Teuku Cut Ali Airport,11:10 AM,9:54 AM
KE3468,Salt Lake City International Airport,Norfolk Island International Airport,5:07 AM,3:48 PM
AM9801,Lista Airport,"Taranto-Grottaglie ""Marcello Arlotta"" Airport",8:56 PM,10:52 AM
AC6500,Forbes Airport,Wadi Ain Airport,10:16 PM,4:30 AM
AI3081,Jabalpur Airport,Las Malvinas/Echarate Airport,8:50 AM,6:23 AM
SK2512,Valencia Airport,Trujillo Airport,8:35 AM,4:29 PM
AC7189,Tadjoura Airport,Calvi-Sainte-Catherine Airport,7:22 AM,9:10 AM
AA6712,Pevek Airport,Viru Harbour Airstrip,6:11 AM,4:44 AM
NZ2060,Rar Gwamar Airport,Southern Illinois Airport,9:13 PM,10:22 AM
AA5127,Khwai River Lodge Airport,North Eleuthera Airport,7:04 AM,6:27 PM
SK9048,Kaben Airport,Independence Airport,9:21 AM,1:26 PM
IB3890,El Trompillo Airport,Mandera Airport,11:16 AM,11:52 PM
AI9645,Bo Airport,Alice Arm/Silver City Seaplane Base,7:02 AM,9:42 AM
SQ6766,Dios Airport,Gora Airstrip,7:16 AM,11:27 PM
AM9767,Bancasi Airport,Joensuu Airport,2:52 PM,3:41 PM
LH2132,Rendani Airport,Tchongorove Airport,2:30 AM,12:28 AM
BA1635,Ascona Airport,McArthur River Mine Airport,1:44 PM,10:16 AM
QR7315,Bakalalan Airport,Minna Airport,3:53 PM,3:21 AM
TG6514,Silgadi Doti Airport,Petropavlosk South Airport,11:03 PM,5:51 AM
SA7221,Smith Point Airport,Willows Glenn County Airport,9:31 AM,7:43 AM
KE5043,Brest Airport,Innisfail Airport,5:48 AM,6:46 AM
WN4924,Bawan Airport,Yongai Airport,7:07 AM,5:14 AM
EK9530,Lady Elliot Island Airstrip,Yokangassi Airport,8:06 PM,10:17 AM
EK1142,Jinchuan Airport,Ailinglaplap Airok Airport,2:36 AM,7:27 AM
UA6879,King Abdulaziz International Airport,La Sarre Airport,10:46 AM,5:16 AM
IB9562,Lewiston Nez Perce County Airport,Eunice Airport,6:25 AM,11:07 PM
SQ4809,Arorae Island Airport,Koyukuk Airport,8:34 AM,7:47 PM
NZ5671,Abu Simbel Airport,Sanga Sanga Airport,7:29 PM,6:26 PM
AI6362,Nanga Pinoh Airport,Reginaldo Hammer Airport,10:11 AM,3:49 AM
QF2199,Kadena Air Base,Queen Beatrix International Airport,11:36 AM,12:02 PM
AZ3752,Cesar Lim Rodriguez Airport,Jérémie Airport,3:53 AM,5:36 AM
LH4911,Loei Airport,Antonio Narino Airport,7:05 PM,7:20 PM
SK5197,San Luis County Regional Airport,Yalinga Airport,11:54 AM,8:03 PM
LH5030,Arkansas International Airport,Qualicum Beach Airport,6:54 AM,7:06 AM
SA8119,Charlevoix Airport,Nantes Atlantique Airport,4:23 AM,5:32 PM
UA2884,Fuyun Koktokay Airport,Lizard Island Airport,10:27 AM,8:05 AM
IB5906,Gävle Sandviken Airport,Erenhot Saiwusu International Airport,7:09 PM,9:19 PM
AV3127,Rota International Airport,L M Clayton Airport,2:46 AM,3:54 AM
SQ6228,Novgorod Airport,Elfin Cove Seaplane Base,12:48 PM,2:34 AM
AZ4564,Mocímboa da Praia Airport,Mattala Rajapaksa International Airport,3:41 PM,7:00 AM
EK5372,Dadu Airport,Hof-Plauen Airport,12:50 PM,11:22 PM
KL4871,Yakubu Gowon Airport,Yangyang International Airport,12:34 AM,7:33 AM
SK2755,Arlit Airport,Baidoa Airport,10:47 AM,11:16 PM
NH5355,Sihanoukville International Airport,Francisco Vilela do Amaral Airport,3:38 PM,12:04 PM
AF4644,Deadman's Cay Airport,Crookston Municipal Kirkwood Field,4:42 AM,3:12 PM
IB6654,Gombe Lawanti International Airport,Ust-Kamennogorsk Airport,12:00 PM,6:36 AM
NZ8978,Tabas Airport,Lyons-Rice County Municipal Airport,1:13 PM,9:40 PM
AF5759,Charles M. Schulz Sonoma County Airport,Bensbach Airport,10:18 PM,7:45 PM
TG3165,Klokovo Airfield,Napakiak Airport,8:20 PM,5:09 AM
AA7570,Kasane Airport,Galcaio Airport,2:09 AM,2:39 AM
BA5574,Flamingo International Airport,Modibo Keita International Airport,4:54 AM,4:56 PM
NH1353,Heraklion International Nikos Kazantzakis Airport,Foya Airport,8:33 AM,7:10 PM
TG6855,Ely Municipal Airport,Masalembo Airport,1:47 PM,1:10 PM
AV3765,Tokat Airport,Allen C Perkinson Blackstone Army Air Field,11:08 AM,6:18 AM
SK6941,Macomb Municipal Airport,Mouyondzi Airport,3:08 PM,4:16 PM
AZ5224,Yulin Yuyang Airport,Big Lake Airport,11:54 AM,2:38 AM
AI2223,Redding Municipal Airport,San Andros Airport,6:19 PM,10:24 AM
CX3985,Chinguetti Airport,Mount Keith Airport,8:02 PM,2:06 PM
AI2111,Point Baker Seaplane Base,Beletwene Airport,12:53 PM,10:37 PM
ET5945,Carlos Rovirosa Pérez International Airport,Bella Coola Airport,12:09 PM,6:09 PM
AZ2524,Faaite Airport,Carmelita Airport,1:12 AM,1:25 PM
AF8227,Tonghua Sanyuanpu Airport,Chokurdakh Airport,6:26 PM,7:43 PM
AI4546,Dadu Airport,Tarama Airport,8:18 PM,1:15 PM
KE7908,Vadodara Airport,Zamperini Field,5:42 AM,2:34 AM
AV8325,Fredericton Airport,Okhotsk Airport,8:02 AM,9:54 PM
KL2216,Kontum Airport,Lai Airport,9:00 PM,3:54 AM
DL1459,Mission Field,Lowcountry Regional Airport,12:56 PM,12:10 AM
AC4413,Quelimane Airport,Qaqortoq Heliport,7:38 AM,8:58 PM
WN7987,Tisdale Airport,Chos Malal Airport,9:31 PM,7:00 PM
EK9217,Santa Cruz Air Force Base,Aguaclara Airport,3:44 PM,10:39 PM
SK9521,Sambava Airport,General Francisco Bermúdez Airport,1:58 PM,4:09 PM
LH3949,Sheghnan Airport,Melbourne International Airport,12:25 AM,10:00 PM
LH7638,Napa County Airport,Whyalla Airport,12:04 AM,8:29 PM
QF1061,Umuarama Airport,Moree Airport,3:13 PM,5:35 AM
SK2386,Paradise River Airport,Steamboat Bay Seaplane Base,10:35 AM,12:43 PM
IB3773,Scone Airport,Vero Beach Regional Airport,4:00 AM,7:15 AM
TG2367,Yaoundé Airport,Mitchell Plateau Airport,4:35 AM,11:54 PM
TG6220,San José Airport,Porto Seguro Airport,4:22 AM,6:24 PM
QR3022,"Wahai,Seram Island",Habi Airport,3:01 AM,5:56 PM
BA5173,General Roberto Fierro Villalobos International Airport,Lampedusa Airport,7:55 PM,8:36 PM
AF5181,Les Sables-d'Olonne Talmont Airport,Kangerlussuaq Airport,9:23 PM,7:37 AM
AF4678,Alice Springs Airport,Videira Airport,5:57 PM,8:03 AM
SA5534,Jumandy Airport,Al Dhafra Air Base,6:00 AM,10:37 AM
LH7008,Blimbingsari Airport,Ingalls Field,8:59 AM,5:15 PM
NH8525,Hasanuddin International Airport,Paderborn Lippstadt Airport,9:45 PM,6:10 PM
AA9225,Boulia Airport,Santana do Araguaia Airport,2:44 AM,8:24 PM
KE9386,Hissar Airport,Sharurah Airport,10:50 AM,5:40 PM
CX3481,Labuan Airport,Pratt Regional Airport,2:02 AM,5:24 AM
KL7108,Diu Airport,Bisbee Municipal Airport,6:42 PM,1:16 PM
AA7774,Arrachart Airport,Metema Airport,5:22 PM,12:17 PM
AC7380,La Gaviota Airport,Umeå Airport,7:53 AM,11:29 AM
AF8075,Tum Airport,Morristown Municipal Airport,9:11 PM,12:33 PM
AV3164,San Fernando De Apure Airport,President Obiang Nguema International Airport,5:58 AM,11:42 PM
SA3457,Tarama Airport,Summit Airport,7:12 AM,3:40 PM
NZ6628,Henry Post Army Air Field (Fort Sill),Eirunepé Airport,10:18 PM,10:00 PM
QR3181,Rafaela Airport,McKinley National Park Airport,6:24 PM,4:05 PM
NH9930,Churchill Airport,Camiguin Airport,3:03 AM,5:58 PM
AI3768,Murmansk Airport,Clinton Sherman Airport,4:42 PM,2:54 AM
AA8220,Pike County-Hatcher Field,Cascade Locks State Airport,3:13 AM,11:52 AM
CX5881,General Villegas Airport,Tongliao Airport,7:02 PM,8:22 AM
AV8856,Fazenda Tucunaré Airport,Ylivieska Airfield,10:33 AM,2:45 AM
KE7979,Heidelberg Army Helicopter Base,Tôlanaro Airport,7:06 AM,7:09 PM
WN3907,Monkey Mountain Airport,Aitape Airport,10:35 AM,10:54 AM
NZ9726,Lake Nash Airport,Pond Inlet Airport,12:37 AM,12:26 AM
LA7850,Centenário do Sul Airport,Yarmouth Airport,6:29 AM,4:34 AM
QR7445,Tunica Municipal Airport,Kimaam Airport,1:18 PM,4:15 PM
AC5834,St. Helena Airport,Valença Airport,3:26 AM,12:24 AM
TG6220,Bamburi Airport,Wasua Airport,12:16 PM,6:40 PM
AV4108,Bragança Airport,Philadelphia Seaplane Base,8:28 AM,9:52 PM
CX5078,Bodø Airport,Lar Airport,9:22 PM,8:11 AM
AA8700,Mission Field,Kauehi Airport,3:22 PM,12:38 PM
CX5974,Cibao International Airport,Itabuna Airport,11:43 AM,8:54 AM
UA8973,Ilo Airport,Aupaluk Airport,5:13 PM,12:10 AM
AI4902,Tabora Airport,Opapimiskan Lake Airport,10:35 AM,7:47 AM
AM4031,Kondobol Airport,Hamadan Airport,8:58 AM,1:44 AM
UA9725,Falcon State Airport,Lake Baringo Airport,4:14 AM,5:38 AM
WN8861,Noshahr Airport,Lucapa Airport,2:23 AM,12:41 PM
ET6234,Northern Colorado Regional Airport,Manari Airport,4:58 PM,4:49 PM
TG9476,Bruce Campbell Field,Ladouanie Airport,12:40 AM,12:29 AM
CX3155,Comandante Gustavo Kraemer Airport,Banz Airport,3:02 PM,9:25 PM
CX9649,Newport State Airport,Kengtung Airport,12:25 AM,2:38 AM
IB2927,Dong Hoi Airport,NAS Fort Worth JRB/Carswell Field,2:49 PM,3:21 AM
QF3102,Fort St John Airport,Windarra Airport,6:27 PM,3:57 PM
AV3565,Comodoro Pedro Zanni Airport,Solenzara (BA 126) Air Base,3:48 AM,2:44 PM
NZ2284,Great Harbour Cay Airport,Surigao Airport,6:57 AM,2:15 PM
BA8830,Angoram Airport,May Creek Airport,1:44 PM,4:42 AM
AC3806,Timişoara Traian Vuia Airport,Bergerac-Roumanière Airport,12:23 PM,1:16 PM
AA7149,Zaraza Airport,Halls Creek Airport,4:57 AM,4:13 PM
UA6626,Chippewa Valley Regional Airport,Bolovip Airstrip,1:58 PM,3:20 PM
KE4081,Hjaltabakki Airport,Charleville-Mézières Airport,1:20 PM,11:04 PM
WN7481,Lewis University Airport,Madison Municipal Airport,9:11 AM,9:08 AM
SQ8537,Angoche Airport,Ujae Atoll Airport,10:12 PM,10:02 PM
NH4186,Şanlıurfa Airport,Humera Airport,4:27 PM,9:37 AM
BA4592,Tsletsi Airport,Castaway Island Seaplane Base,5:01 PM,7:28 AM
QR6105,Wilbarger County Airport,Kagua Airport,5:24 AM,3:13 AM
SQ2511,Dahl Creek Airport,Coalinga Airport,9:06 AM,8:38 PM
AA7154,Chicago Executive Airport,Bethel Airport,5:38 AM,3:13 AM
WN4714,Stephens Island Seaplane Base,Tamchakett Airport,2:00 PM,10:30 AM
WN9021,São Pedro Airport,Wadi Al Dawasir Airport,8:36 PM,5:24 AM
WN2849,Tarama Airport,Simikot Airport,8:20 PM,12:55 AM
AV4715,Lien Khuong Airport,Rick Husband Amarillo International Airport,7:24 PM,6:46 PM
AC3869,Lakeba Island Airport,Whiteman Airport,4:04 AM,6:42 PM
SQ4474,CFB Bagotville,Snap Lake Airport,12:17 PM,5:30 PM
AI6706,Misratah Airport,Roberts International Airport,8:56 AM,3:58 PM
SA6084,Sibisa Airport,Port Bergé Airport,6:48 PM,4:06 PM
AI6595,Alto Palena Airport,Skwentna Airport,11:39 AM,7:17 PM
ET1905,Gisenyi Airport,Paso Robles Municipal Airport,11:43 AM,8:19 PM
AZ5690,Bryansk Airport,Naval Outlying Field Imperial Beach (Ream Field),7:46 PM,6:12 PM
LA6794,Woodward Field,Munbil Airport,12:53 PM,8:30 PM
AA1923,Johnston Atoll Airport,Malvinas Argentinas Airport,10:08 PM,8:41 AM
IB6654,Dr Juan Plate Airport,Kogalym International Airport,1:47 PM,11:08 PM
LH8572,Suavanao Airport,Mahlon Sweet Field,1:06 PM,7:26 PM
WN6462,Dywer Airbase,Town Airstrip,5:52 PM,12:06 AM
WN7532,Cà Mau Airport,San Juan Airport,3:48 PM,12:10 PM
IB4989,Ngot Nzoungou Airport,Pori Airport,12:43 PM,3:23 AM
QF5189,Keflavik International Airport,Ogoki Post Airport,5:04 PM,11:52 AM
LA4585,Córdoba Airport,Puerto La Victoria Airport,5:06 AM,10:08 AM
LA4783,Bern Belp Airport,José Leonardo Chirinos Airport,4:14 AM,6:23 AM
NZ4284,Cochstedt Airport,Zürich Airport,9:38 AM,7:45 AM
ET5950,De La Independencia Airport,Juana Azurduy De Padilla Airport,12:27 PM,9:28 PM
ET9515,Riesa-Göhlis Airport,Kilwa Airport,11:53 PM,7:29 PM
ET6340,São José Airport,Tunica Municipal Airport,3:17 AM,6:12 PM
LA4328,Tokunoshima Airport,Santa Terezinha Airport,10:20 PM,1:25 AM
AZ6191,Macaé Airport,Sematan Airport,12:17 PM,11:25 PM
DL2968,Tri-Cities Regional TN/VA Airport,Ålesund Airport,1:47 AM,7:11 AM
TG7191,Tetebedi Airport,Mariposa Yosemite Airport,3:29 PM,3:15 AM
KE6218,Ellamar Seaplane Base,Brigadier Mayor D Cesar Raul Ojeda Airport,1:32 PM,5:29 AM
SQ3534,Néma Airport,Pangsuma Airport,12:12 PM,5:10 AM
AM7778,Rzeszów-Jasionka Airport,Edson Airport,5:17 PM,3:34 AM
LA3165,Lake Charles Regional Airport,Elorza Airport,12:10 AM,12:08 PM
AZ2418,Aktobe Airport,Los Cabos International Airport,6:38 PM,5:49 PM
LA6020,Idre Airport,Upala Airport,7:24 AM,6:06 AM
QR1240,Carbon County Regional/Buck Davis Field,Luis Munoz Marin International Airport,6:06 AM,8:46 PM
WN1985,St Petersburg Clearwater International Airport,Waspam Airport,8:31 AM,11:53 PM
NZ7026,Bolling Air Force Base,Komsomolsk-on-Amur Airport,9:43 AM,3:21 AM
AZ3825,Battle Mountain Airport,Bujumbura International Airport,3:52 PM,12:46 AM
QF6753,Tres De Mayo Airport,Cotulla-La Salle County Airport,11:50 AM,6:09 PM
AF3915,Saibai Island Airport,Alexander Bay Airport,2:21 PM,10:49 PM
AZ2669,Wakunai Airport,Daocheng Yading Airport,2:17 PM,6:47 AM
LA4220,Robert Gray  Army Air Field Airport,Kissidougou Airport,10:49 AM,6:32 PM
NZ2540,Pimenta Bueno Airport,Mc Entire Joint National Guard Base,7:35 AM,7:48 PM
AF6038,Tidjikja Airport,Emerald Airport,3:26 PM,8:27 AM
EK2641,Tanah Grogot Airport,Quincy Regional Baldwin Field,12:46 AM,5:36 AM
TG1200,Malindi Airport,Coleman Municipal Airport,10:51 PM,7:42 AM
QF7612,Wasu Airport,Columbus Air Force Base,6:26 PM,9:43 PM
UA9423,Soure Airport,Beletwene Airport,6:53 PM,2:48 AM
KE7078,Minatitlán/Coatzacoalcos National Airport,Rzhevka Airport,2:42 PM,5:22 PM
CX3807,Ramata Airport,Powell River Airport,2:49 AM,7:30 PM
SK1333,Gambella Airport,Lubumbashi International Airport,5:38 PM,7:50 AM
AA2173,Doha International Airport,Canela Airport,1:23 PM,3:56 AM
TG9120,Gagnoa Airport,Andøya Airport,4:37 AM,1:26 AM
LA2284,Durrie Airport,Wau Airport,1:10 PM,1:33 PM
KE4812,Norman Y. Mineta San Jose International Airport,Perry Island Seaplane Base,7:16 AM,11:54 PM
SQ5181,Westsound/Wsx Seaplane Base,Milingimbi Airport,11:46 AM,3:42 PM
NZ8553,Manners Creek Airport,Raleigh Durham International Airport,4:23 AM,12:21 PM
LH8760,Notodden Airport,Weihai Airport,3:44 PM,7:21 PM
AA1935,Thorne Bay Seaplane Base,Council Bluffs Municipal Airport,2:58 PM,10:05 AM
DL9212,Kumasi Airport,Örebro Airport,12:44 PM,2:51 AM
IB7981,Sua Pan Airport,Kiwai Airport,12:32 AM,3:32 AM
SK5197,Derby Field,Timber Creek Airport,9:53 AM,12:51 AM
WN6588,Moyale Airport,Phnom Penh International Airport,7:07 PM,3:19 PM
LA7812,Kärdla Airport,Talagi Airport,7:19 PM,1:54 PM
SK6642,Waterbury Oxford Airport,Lumbo Airport,12:23 AM,5:40 PM
SK7829,Hastings Municipal Airport,Sir Seewoosagur Ramgoolam International Airport,12:55 AM,6:46 PM
LH1504,Boma Airport,Sofia Airport,4:20 AM,3:02 AM
QR2054,Hpapun Airport,North Battleford Airport,8:05 AM,1:45 PM
WN3689,Humera Airport,Estherville Municipal Airport,5:00 PM,4:53 AM
NH4894,Santa Genoveva Airport,Julius Nyerere International Airport,2:12 AM,8:14 AM
KL9083,General Servando Canales International Airport,Miramichi Airport,2:19 AM,1:18 AM
BA5073,Konarak Airport,Maitland Airport,11:14 PM,6:50 AM
SQ8339,Blida Airport,Sonari Airport,2:27 PM,4:40 AM
LH6251,Filippos Airport,Solano Airport,3:51 AM,8:41 AM
AI8241,Missoula International Airport,Orapa Airport,3:31 AM,6:33 PM
IB8346,Dourados Airport,Ahe Airport,9:48 AM,2:20 AM
NH5062,Tulum Naval Air Station,Port Williams Seaplane Base,12:33 PM,2:18 AM
KE2765,Roanne-Renaison Airport,Stanthorpe Airport,8:59 PM,1:38 PM
AZ8513,Na-San Airport,Marakei Airport,10:39 AM,7:49 AM
AF3915,Kursk East Airport,Vicksburg Municipal Airport,8:42 AM,1:11 PM
CX9614,Quirindi Airport,Tol Airport,12:20 AM,10:47 AM
AV6048,Pensacola Naval Air Station/Forrest Sherman Field,Garner Field,12:47 PM,10:51 PM
CX3000,Sidney - Richland Regional Airport,Glasgow International Airport,7:07 AM,8:42 PM
QR5172,Poplar Bluff Municipal Airport,La Araucanía Airport,10:45 AM,7:48 PM
ET8753,Smith Point Airport,Hambantota Seaplane Base,5:16 AM,9:06 AM
AA6513,Rurenabaque Airport,Hays Regional Airport,2:38 AM,8:41 PM
AZ1593,Hami Airport,Frederick Municipal Airport,3:13 AM,1:17 AM
EK8809,Prince George Airport,Van Nuys Airport,8:08 PM,8:11 AM
AI3656,Benin Airport,Wanxian Airport,4:14 AM,4:37 PM
QR7450,Manicoré Airport,Coban Airport,3:05 PM,7:57 PM
SA2594,Dios Airport,Palmarito Airport,11:59 AM,8:19 PM
TG7191,Roswell International Air Center Airport,Delta Junction Airport,3:54 PM,12:39 AM
AF1944,Dundas Airport,Solita Airport,7:48 PM,9:46 PM
AM6970,Nhon Co Airfield,Finke Airport,1:50 AM,5:26 AM
ET9491,Warraber Island Airport,Kansas City International Airport,5:03 PM,2:36 PM
KL4094,Bojnord Airport,Uchiza Airport,4:32 PM,7:50 PM
SA8759,Uray Airport,Cross Lake (Charlie Sinclair Memorial) Airport,8:49 PM,9:06 PM
QR7324,Martha's Vineyard Airport,San Domino Island Heliport,9:41 AM,10:56 PM
DL7285,Santa Barbara Municipal Airport,Congo Town Airport,4:57 AM,9:23 AM
EK7825,Landivisiau Air Base,Margaret River Airport,6:03 AM,7:53 PM
QR9135,Chacarita Airport,Bella Coola Airport,10:10 AM,8:50 PM
AC8774,Oryol Yuzhny Airport,Richmond International Airport,12:13 PM,12:39 PM
AI4858,Masalembo Airport,Sintang(Susilo) Airport,7:49 AM,7:48 AM
AZ3137,Rivers Inlet Seaplane Base,Mount House Airport,4:03 AM,8:39 AM
NZ2679,German Olano Air Base,Cascade Locks State Airport,9:14 AM,10:25 AM
CX6238,Senador Petrônio Portela Airport,Ouyen Airport,6:57 PM,7:08 PM
AM5247,James M Cox Dayton International Airport,Tarauacá Airport,2:25 AM,1:07 AM
TG9561,Cape Pole Seaplane Base,Ixtepec Airport,7:58 PM,11:28 PM
NZ7772,Ust-Maya Airport,Headingly Airport,6:51 AM,8:22 AM
LH2341,Andriamena Airport,Naval Station Mayport (Admiral David L. Mcdonald Field),2:39 AM,6:40 AM
LA9044,Oakdale Airport,Zabré Airport,5:46 PM,7:12 AM
IB8511,Swansea Airport,Mangalore International Airport,12:09 AM,8:11 PM
TG6198,Southern Cross Airport,Escuela Mariscal Sucre Airport,2:30 AM,5:16 AM
AV6783,Kavanayen Airport,White River Seaplane Base,9:39 AM,8:49 AM
NZ1813,Stillwater Regional Airport,Palmar Sur Airport,9:35 PM,12:11 AM
AV9242,Oxford (Kidlington) Airport,Chichester/Goodwood Airport,12:29 PM,7:16 AM
AF1050,Warrnambool Airport,Mogador Airport,10:47 AM,8:36 PM
EK4497,Mae Sot Airport,Ust-Tsylma Airport,5:31 PM,5:45 AM
TG7509,Mys Kamenny Airport,Naval Air Station Key West/Boca Chica Field,12:05 PM,4:52 PM
BA4184,Anadolu Airport,Umbu Mehang Kunda Airport,4:47 PM,1:57 AM
TG6233,Mafia Island Airport,RAF Odiham,7:25 AM,9:00 AM
AF6620,Diamantina Lakes Airport,Visalia Municipal Airport,12:22 PM,6:19 PM
NH7905,Cranbrook/Canadian Rockies International Airport,Husein Sastranegara International Airport,3:40 AM,4:15 AM
NH2176,Hickory Regional Airport,Arutua Airport,2:12 AM,7:19 AM
AM6972,Hluhluwe Airport,Dover Air Force Base,4:29 AM,3:29 PM
QR3296,Staniel Cay Airport,Newquay Cornwall Airport,7:43 AM,12:44 AM
BA6203,El Bayadh Airport,Windarling Airport,5:30 AM,3:28 AM
TG3277,Suai Airport,La Chinita International Airport,11:17 PM,11:08 PM
LA4242,Capitán Aníbal Arab Airport,Bosset Airport,3:25 PM,2:58 AM
TG5312,Huron Regional Airport,RAF Brize Norton,8:27 PM,8:31 AM
SA2518,Austin Airport,Strasbourg Airport,9:41 PM,5:26 PM
IB7358,Western Neb. Rgnl/William B. Heilig Airport,Carpentaria Downs Airport,5:20 PM,10:48 PM
AV4108,Basco Airport,Arnold Air Force Base,4:22 AM,6:03 AM
ET6943,Rzeszów-Jasionka Airport,Nuevo Casas Grandes Airport,5:47 AM,2:33 PM
WN8753,Tobermorey Airport,Cape Vogel Airport,11:45 AM,12:41 AM
LA9586,Kambalda Airport,Clinton Sherman Airport,6:19 AM,1:36 PM
AM2576,Plato Airport,Ozark Regional Airport,3:59 AM,5:10 AM
AV2432,Sakkyryr Airport,Indira Gandhi International Airport,10:21 AM,6:58 AM
CX4972,Böblingen Flugfeld,Teslin Airport,1:42 AM,9:23 PM
QR4953,Josephstaal Airport,Fahud Airport,12:40 PM,6:30 AM
BA9137,Chişinău International Airport,Renner Field-Goodland Municipal Airport,8:04 PM,11:11 AM
TG6065,Gregorio Luperon International Airport,Pembroke Airport,10:02 PM,2:13 AM
KE6794,Namsang Airport,Lindi Airport,3:36 AM,2:19 AM
LA4220,Kaghau Airport,Unguia Airport,9:59 PM,1:21 AM
QR5080,Sparta Community Hunter Field,Mackay Airport,2:28 PM,11:01 PM
AI5189,Echuca Airport,Mayajigua Airport,7:11 AM,4:14 AM
NZ9950,Aomori Airport,Bentota River Waterdrome,1:00 PM,12:59 PM
SQ5580,Co Ong Airport,Gamal Abdel Nasser Airport,7:22 AM,5:41 AM
EK4968,Nukutavake Airport,San Miguel Airport,10:38 PM,6:28 AM
DL8642,Tapini Airport,Yonaguni Airport,7:42 AM,8:40 AM
DL5835,Fort Severn Airport,Bakkafjörður Airport,3:40 AM,7:10 AM
DL4421,Harar Meda Airport,Gore Bay Manitoulin Airport,2:23 AM,6:42 AM
AC2255,Jiagedaqi Airport,Mohéli Bandar Es Eslam Airport,6:36 AM,9:38 PM
IB8620,La Tabatière Airport,Andorra la Vella Heliport,4:11 AM,3:42 AM
AF7678,Hanimaadhoo Airport,Hudiksvall Airport,10:37 PM,10:15 PM
IB2561,Katsina Airport,Thylungra Airport,9:06 AM,11:19 AM
DL3408,Baker Lake Airport,Girdwood Airport,5:58 AM,5:22 PM
KL8508,Edwards Air Force Base,Pukapuka Island Airport,7:09 PM,11:57 AM
ET1905,Arapahoe Municipal Airport,Tadjoura Airport,9:15 AM,8:10 PM
LH5074,Lubumbashi International Airport,Ficksburg Sentraoes Airport,3:40 AM,6:10 PM
DL9341,Bella Coola Airport,Gatlinburg-Pigeon Forge Airport,4:43 PM,3:00 PM
AF1519,Raduzhny Airport,Arlit Airport,8:58 PM,8:07 AM
IB9186,Minvoul Airport,Bishe Kola Air Base,6:41 PM,9:11 PM
WN9115,Kayenta Airport,Iwakuni Marine Corps Air Station,12:34 AM,6:40 PM
ET3908,Amalfi Airport,Hanksville Airport,3:45 PM,9:49 PM
SA8416,San Javier Airport,Ust-Tsylma Airport,5:51 PM,1:24 PM
NZ8106,Sawan Airport,Ras Al Khaimah International Airport,10:10 PM,1:49 AM
TG6065,Eisenach-Kindel Airport,Old Crow Airport,5:32 PM,1:06 AM
ET5694,Hongyuan Airport,Zinder Airport,10:03 AM,5:41 AM
SK3122,Luozi Airport,Changzhi Airport,10:54 AM,12:20 PM
NZ5033,King Cove Airport,Abdul Rachman Saleh Airport,1:49 AM,12:00 AM
NH2762,Chute-Des-Passes/Lac Margane Seaplane Base,Zoersel (Oostmalle) Airfield,12:57 PM,7:33 PM
AZ5874,Netaji Subhash Chandra Bose International Airport,Sarandi Airport,4:32 PM,3:03 AM
LA4985,Aviador C. Campos Airport,Wanuma Airport,2:28 PM,11:58 AM
CX3807,Qacha's Nek Airport,Namibe Airport,4:44 PM,11:56 PM
DL5104,Dushanbe Airport,Dunedin Airport,8:05 PM,10:01 PM
TG8211,Gag Island Airport,Tyler Pounds Regional Airport,12:56 AM,9:59 AM
AI2188,Shanghai Hongqiao International Airport,Ringi Cove Airport,12:01 PM,9:31 PM
NH2762,Puerto Princesa Airport,Xangongo Airport,3:29 AM,6:22 AM
IB9980,Alert Airport,Sangster International Airport,3:58 AM,6:49 AM
AA1540,Tarama Airport,Owen Sound / Billy Bishop Regional Airport,2:49 AM,10:25 PM
SA9206,Konduz Airport,Daup Airport,7:54 AM,6:05 AM
WN9277,Tindal Airport,Zaqatala International Airport,8:04 AM,4:08 PM
AV9155,Kongolo Airport,Pikwitonei Airport,8:16 AM,5:14 PM
AM5243,Samuels Field,Maganja da Costa Airport,3:25 PM,4:06 PM
NH7905,Marin County Airport - Gnoss Field,Central Nebraska Regional Airport,8:53 AM,1:41 AM
KE3818,Bannu Airport,Juanjui Airport,1:15 AM,10:36 AM
IB8156,Xinguara Municipal Airport,M. Graham Clark Downtown Airport,6:27 PM,12:41 PM
TG1611,McKellar-Sipes Regional Airport,West Sale Airport,10:51 PM,2:02 AM
AA2935,Bordj Badji Mokhtar Airport,Nissan Island Airport,5:38 PM,12:32 PM
SK5012,White Mountain Airport,Samos Airport,10:43 PM,8:51 AM
SQ2917,Jack Northrop Field Hawthorne Municipal Airport,Sainte Marie Airport,7:55 AM,2:29 PM
UA9725,Okayama Airport,Illaga Airport,8:29 PM,2:57 PM
TG9185,Mönchengladbach Airport,Mossendjo Airport,9:11 AM,9:52 AM
QR6020,Florø Airport,Sand Point Airport,3:50 AM,6:25 AM
SK4469,Esa'ala Airport,Los Angeles International Airport,6:22 PM,9:02 AM
SA9586,Mandritsara Airport,Ingeniero Ambrosio Taravella Airport,1:01 AM,1:02 PM
LH4956,Antalya International Airport,Metlakatla Seaplane Base,9:55 AM,7:01 AM
AA5562,Miami International Airport,Ellington Airport,4:30 AM,3:48 PM
WN3384,Ceres Airport,Lamen Bay Airport,2:51 PM,3:08 AM
ET3850,Pitu Airport,Negril Airport,11:31 PM,8:43 AM
AZ9148,Los Roques Airport,Bouar Airport,10:08 PM,11:39 PM
LH6321,Central Nebraska Regional Airport,Ludhiana Airport,3:09 PM,6:10 PM
ET9491,Aubenas-Ardèche Méridional Airport,Ramata Airport,8:11 AM,8:54 PM
NZ2559,Ancona Falconara Airport,Kuujjuarapik Airport,12:23 PM,11:22 PM
AV6156,Nantucket Memorial Airport,Whitehorse / Erik Nielsen International Airport,3:08 AM,11:12 PM
WN7069,Tan Son Nhat International Airport,Nartron Field,3:26 AM,6:17 PM
AF8946,Mahdia Airport,Uige Airport,3:08 AM,6:31 PM
AC9505,Sachs Harbour (David Nasogaluak Jr. Saaryuaq) Airport,Arapoti Airport,12:16 PM,5:51 AM
AV2942,Phoenix Deer Valley Airport,Meselia Airport,11:57 PM,3:05 AM
NH7775,Kalemie Airport,Goose Bay Airport,5:28 PM,1:08 PM
NZ9071,Kaoma Airport,Erenhot Saiwusu International Airport,5:57 AM,8:16 AM
AC5785,Viveros Island Airport,Woodbourne Airport,1:47 AM,6:20 PM
QF5189,Issyk-Kul International Airport,Yongai Airport,9:08 PM,9:20 PM
AM7831,Rio Mayo Airport,Thisted Airport,4:58 AM,10:14 PM
AA6594,Nevatim Air Base,Katukurunda Air Force Base,4:30 AM,10:20 PM
ET2811,Sui Airport,Gilgal Airport,10:53 PM,2:09 AM
AI5164,Houma Terrebonne Airport,Mara Lodges Airport,9:09 PM,12:16 PM
AV9075,Diavik Airport,Gandajika Airport,10:47 PM,12:17 PM
QF4855,Thorshofn Airport,Manley Hot Springs Airport,4:29 PM,6:47 PM
KE9981,City of Colorado Springs Municipal Airport,San Vito De Java Airport,4:55 PM,10:17 PM
QF1403,Timaru Airport,Falls International Airport,4:57 AM,2:57 AM
UA8158,Siwa Oasis North Airport,Tenkodogo Airport,3:26 AM,12:27 PM
AI8052,Babanakira Airport,Mekane Selam Airport,2:12 PM,3:51 PM
LA2312,Perry Municipal Airport,Igor I Sikorsky Memorial Airport,12:17 PM,1:55 AM
ET5834,Dutchess County Airport,São Félix do Araguaia Airport,8:08 PM,5:02 PM
AI2783,Jefferson Municipal Airport,Saipan International Airport,9:11 PM,2:35 PM
AC1520,Thessaloniki Macedonia International Airport,Sodankyla Airport,5:29 PM,7:20 AM
AV2514,Sigonella Navy Air Base,Óbidos Airport,5:36 AM,2:11 AM
EK9373,Quillayute Airport,Sassandra Airport,11:40 PM,4:12 PM
LH1740,Kar Kar Airport,Hateruma Airport,3:19 PM,12:03 PM
TG2457,Green River Municipal Airport,Tshimpi Airport,10:04 PM,1:28 PM
LA7443,Numbulwar Airport,Polokwane International Airport,4:42 PM,8:28 AM
TG3919,Edmond Cané Airport,Harrison County Airport,3:27 PM,11:09 AM
BA9137,Tacoma Narrows Airport,Friday Harbor Seaplane Base,9:02 AM,8:26 AM
AF1042,Goulburn Airport,Talagi Airport,6:59 AM,2:52 PM
WN9586,Mulu Airport,Khartoum International Airport,4:36 PM,8:14 PM
AF5545,Nome Airport,Point Lay LRRS Airport,12:04 PM,2:17 AM
LA2799,Mefford Field,Garbaharey Airport,1:52 PM,6:39 PM
DL6355,Nuremberg Airport,Elim Airport,2:16 AM,6:00 PM
KL7456,Ministro Pistarini International Airport,Cabo Frio Airport,3:49 AM,5:37 AM
IB5792,Great Falls International Airport,New Islamabad International Airport,2:20 PM,12:37 PM
DL5999,Eliptamin Airport,Chistochina Airport,11:28 PM,2:47 AM
KE2815,Henry E Rohlsen Airport,Ivanof Bay Seaplane Base,10:14 PM,7:53 PM
AM9697,Mende-Brenoux Airfield,Málaga Airport,1:27 PM,10:21 PM
AF2048,Vicenza Airport,George R Carr Memorial Air Field,9:21 PM,11:14 AM
SQ3395,Canton Island Airport,Valdosta Regional Airport,6:54 PM,11:43 PM
SK7629,Corcoran Airport,Tumbler Ridge Airport,2:09 PM,12:44 PM
NZ7026,Mossel Bay Airport,Tisdale Airport,6:35 PM,10:21 PM
LH5166,Cape Dorset Airport,Abu Musa Island Airport,6:01 AM,1:05 AM
AM6666,Crested Butte Airpark,Clyde River Airport,5:10 AM,1:46 PM
TG4785,Babanakira Airport,Uzhhorod International Airport,2:05 AM,3:32 PM
NH5763,Pompeu Airport,Alert Bay Airport,1:10 AM,1:16 PM
AA3791,Kokkola-Pietarsaari Airport,Paz De Ariporo Airport,6:42 AM,10:13 AM
LH7474,Aachen-Merzbrück Airport,Cotulla-La Salle County Airport,3:46 PM,10:37 AM
SK2755,Tottori Airport,Lubbock Preston Smith International Airport,12:24 PM,2:02 AM
UA8526,Oktyabrskiy Airport,Greater Southwest International Airport-Amon Carter Field,1:34 AM,7:08 AM
CX9928,Sawan Airport,Banak Airport,12:44 PM,10:16 AM
AV3809,Bandar Lengeh Airport,El Alto International Airport,4:05 PM,6:58 AM
EK5965,Wayne County Airport,Tri-Cities Regional TN/VA Airport,12:18 PM,10:26 PM
TG8579,Rolla National Airport,Strother Field,12:35 AM,8:24 AM
SQ5037,Yichang Sanxia Airport,Wright-Patterson Air Force Base,4:55 PM,5:53 AM
ET1145,Spangdahlem Air Base,Mobridge Municipal Airport,12:34 PM,4:56 PM
AI2803,Bou Chekif Airport,Shively Field,5:58 PM,6:19 PM
AC8657,Palmerston North Airport,Windarling Airport,2:27 PM,10:16 PM
CX7861,Cap Skirring Airport,Friday Harbor Seaplane Base,5:02 AM,11:23 PM
IB7269,Tagula Airport,Bizant Airport,12:18 AM,5:30 AM
KL9281,Apple Valley Airport,Tarfaya Airport,10:44 PM,8:42 AM
QF5081,Lutsk Airport,Camiguin Airport,5:27 PM,5:42 PM
LA5408,Satu Mare Airport,Brevig Mission Airport,9:57 AM,10:00 PM
IB3912,Amery Municipal Airport,Cognac-Châteaubernard (BA 709) Air Base,11:15 PM,7:48 PM
KL3207,Tagbilaran Airport,Beatrice Municipal Airport,7:00 PM,12:48 PM
TG6258,Goya Airport,Jack Mc Namara Field Airport,5:51 AM,4:36 AM
WN4544,Bayannur Tianjitai Airport,Tambohorano Airport,5:08 PM,9:20 PM
SA4858,Cartierville Airport,Khartoum International Airport,8:59 AM,6:26 AM
KL3810,Uige Airport,Fredericton Airport,11:07 PM,2:11 PM
DL1182,Overberg Airport,Port Hedland International Airport,12:00 AM,11:18 AM
AZ3832,Valle de La Pascua Airport,Atlas Brasil Cantanhede Airport,2:55 AM,9:39 PM
LH7638,Dade Collier Training and Transition Airport,Peterborough Airport,1:02 PM,10:52 PM
AC2363,Puerto Leda Airport,Guanambi Airport,5:49 AM,5:24 AM
BA2542,Lumbala Airport,Simon Mwansa Kapwepwe International Airport,12:19 AM,1:48 AM
AA8666,Henry County Airport,Kings Canyon Airport,6:11 AM,7:20 PM
ET7435,Bayankhongor Airport,San Ignacio de Moxos Airport,2:46 AM,12:08 PM
NH1887,Cluny Airport,Husein Sastranegara International Airport,7:57 PM,12:35 AM
LH7027,Valan Airport,Alberto Carnevalli Airport,12:31 PM,4:26 PM
EK1066,Bata Airport,Leros Airport,5:58 AM,2:35 AM
AM9126,Asturias Airport,Luderitz Airport,4:44 AM,11:23 PM
QF1621,Melangguane Airport,Harrell Field,2:22 AM,4:57 PM
LA7165,Salem Municipal Airport/McNary Field,Alpha Airport,5:56 AM,2:48 PM
ET8753,Cape Orford Airport,Usiminas Airport,9:40 PM,1:42 PM
UA2406,San Diego International Airport,Canton Municipal Airport,10:29 PM,11:14 AM
ET1652,King Cove Airport,Worland Municipal Airport,3:14 PM,5:17 AM
BA7866,Anthony Municipal Airport,Elazığ Airport,10:46 AM,5:07 AM
ET2517,Desroches Airport,Thomasville Regional Airport,4:27 AM,11:55 PM
AI3512,Trent Lott International Airport,Qasigiannguit Heliport,8:58 PM,11:29 AM
AI7579,Perth International Airport,Lake Rudolf Airport,8:56 PM,11:53 AM
SK1074,Lalibella Airport,Cherrabah Airport,9:33 AM,5:13 PM
AC2311,Tunta Airport,Santa Teresita Airport,6:06 AM,2:33 PM
SK8026,Jiamusi Airport,Kununurra Airport,3:03 AM,6:28 PM
SK8606,Calvi-Sainte-Catherine Airport,Codazzi Airport,7:54 AM,9:30 PM
KE6665,Josephstaal Airport,Opapimiskan Lake Airport,9:29 AM,5:01 PM
AI8395,Gobernador Castello Airport,Karasabai Airport,2:18 AM,4:36 PM
AC6500,Mara Lodges Airport,Reno Tahoe International Airport,7:48 AM,11:17 AM
KE4306,Caen-Carpiquet Airport,Del Caribe Santiago Mariño International Airport,7:02 PM,1:05 PM
AF4971,General Servando Canales International Airport,Mbuji Mayi Airport,8:59 AM,9:17 AM
AV2122,Hana Airport,São Pedro Airport,9:09 AM,12:22 PM
CX5205,Quezaltenango Airport,Moises Benzaquen Rengifo Airport,5:55 PM,10:49 AM
SA8434,Mc Clellan Airfield,Asmara International Airport,2:11 AM,3:41 AM
TG3255,Earlton (Timiskaming Regional) Airport,Khabarovsk-Novy Airport,10:40 PM,10:26 PM
BA9479,Bloomfield River Airport,Zyryanka Airport,3:51 PM,2:47 PM
KE3098,Graciosa Airport,EuroAirport Basel-Mulhouse-Freiburg Airport,8:29 PM,7:16 PM
AI6793,Grand Forks Airport,Graciosa Airport,2:23 PM,3:11 AM
SA1768,São Gabriel Airport,Sierra Blanca Regional Airport,6:23 PM,11:33 AM
AF4074,Letfotar Airport,Marion County Brown Field,7:46 AM,9:28 PM
KE6371,Komatsu Airport,Nikolski Air Station,11:23 PM,7:15 AM
ET9507,Cayana Airstrip,Abengourou Airport,5:54 AM,3:13 PM
EK8161,Honinabi Airport,Ovda International Airport,8:56 AM,12:20 AM
LA7890,Gold Coast Airport,Hodeidah International Airport,1:02 AM,6:32 PM
IB5239,Glenormiston Airport,Baotou Airport,11:31 PM,11:02 PM
AI4844,Fort Lee Army Airfield,Donskoye Airport,7:50 AM,9:29 AM
DL4362,Samuels Field,Illaga Airport,3:23 AM,7:10 AM
AM8408,Abel Santamaria Airport,Merty Merty Airport,10:03 AM,10:28 PM
DL7030,Culion Airport,Chernofski Harbor Seaplane Base,5:36 AM,1:59 PM
LH8760,Orán Airport,Maximo Gomez Airport,11:13 PM,5:24 PM
AI3634,Afonso Pena Airport,Kickapoo Downtown Airport,5:35 AM,12:56 AM
UA4821,April Point Seaplane Base,Hamburg-Finkenwerder Airport,5:27 PM,10:09 PM
TG3624,La Porte Municipal Airport,Pecos Municipal Airport,5:34 PM,8:48 AM
IB9642,Cross Lake (Charlie Sinclair Memorial) Airport,Atatürk International Airport,5:09 PM,4:07 PM
SQ4474,Ignace Municipal Airport,Asirim Airport,12:37 PM,7:02 AM
ET7205,Shelby Airport,Liepāja International Airport,4:39 PM,6:17 PM
CX9990,Humberto Ghizzo Bortoluzzi Regional Airport,Massena International Richards Field,6:49 PM,9:02 AM
AC7203,Vila Bela da Santíssima Trindade Airport,Villa Dolores Airport,1:52 PM,7:11 PM
NH1353,Kalkgurung Airport,Fazenda Santa Maria Airport,3:57 PM,7:12 PM
IB3568,Nyurba Airport,Useless Loop Airport,5:38 AM,11:20 AM
UA9363,Gaspé (Michel-Pouliot) Airport,Assiut International Airport,2:27 AM,12:21 AM
AV7854,Raja Bhoj International Airport,Anaktuvuk Pass Airport,11:03 PM,4:15 AM
AZ4071,Baker Lake Airport,Ólafsfjörður Airport,1:02 PM,9:47 AM
AV9841,Dillon's Bay Airport,Plymouth Municipal Airport,5:27 AM,7:21 AM
SQ1831,Kassala Airport,Kaghau Airport,4:05 AM,6:23 PM
NZ8863,Detroit Metropolitan Wayne County Airport,Moundou Airport,2:29 AM,10:42 AM
AA1911,Buckland Airport,Savoonga Airport,11:41 PM,1:58 PM
SA6086,Prefeito Renato Moreira Airport,Pembina Municipal Airport,7:18 AM,4:10 PM
ET9521,En Nahud Airport,Trang Airport,4:53 PM,6:32 AM
KE9657,Lumi Airport,Aur Island Airport,7:14 PM,9:32 AM
WN2733,Limoges Airport,Etadunna Airport,9:40 AM,7:41 PM
QR5977,Shaheed Benazirabad Airport,Kotoka International Airport,7:33 PM,6:07 PM
NZ7086,Umberto Modiano Airport,Ralph M Calhoun Memorial Airport,3:54 AM,10:39 AM
SA3946,Sikeston Memorial Municipal Airport,Quaqtaq Airport,4:05 PM,8:21 AM
AZ8773,Hamburg Airport,Liuting Airport,6:13 PM,3:11 PM
